Ticker,Company
MSFT.TO,Microsoft Corporation
NVDA.TO,NVIDIA Corporation
AAPL.TO,Apple Inc.
AMZN.TO,"Amazon.com, Inc."
GOOG.TO,Alphabet Inc.
META.TO,"Meta Platforms, Inc."
BRK.TO,Berkshire Hathaway Inc.
TSLA.TO,"Tesla, Inc."
COST.TO,Costco Wholesale Corporation
COLA.TO,The Coca-Cola Company
CSCO.TO,"Cisco Systems, Inc."
AMD.TO,"Advanced Micro Devices, Inc."
RY.TO,Royal Bank of Canada
SHOP.TO,Shopify Inc.
TD.TO,The Toronto-Dominion Bank
ENB.TO,Enbridge Inc.
BN.TO,Brookfield Corporation
BAM.TO,Brookfield Asset Management Ltd.
TRI.TO,Thomson Reuters Corporation
BMO.TO,Bank of Montreal
CSU.TO,Constellation Software Inc.
CP.TO,Canadian Pacific Kansas City Limited
CNQ.TO,Canadian Natural Resources Limited
BNS.TO,The Bank of Nova Scotia
CM.TO,Canadian Imperial Bank of Commerce
NGT.TO,Newmont Corporation
CNR.TO,Canadian National Railway Company
AEM.TO,Agnico Eagle Mines Limited
MFC.TO,Manulife Financial Corporation
SU.TO,Suncor Energy Inc.
TRP.TO,TC Energy Corporation
ATD.TO,Alimentation Couche-Tard Inc.
L.TO,Loblaw Companies Limited
WCN.TO,"Waste Connections, Inc."
IMO.TO,Imperial Oil Limited
WPM.TO,Wheaton Precious Metals Corp.
IFC.TO,Intact Financial Corporation
NA.TO,National Bank of Canada
DOL.TO,Dollarama Inc.
FFH.TO,Fairfax Financial Holdings Limited
ABX.TO,Barrick Mining Corporation
SLF.TO,Sun Life Financial Inc.
GWO.TO,Great-West Lifeco Inc.
FNV.TO,Franco-Nevada Corporation
NTR.TO,Nutrien Ltd.
CCO.TO,Cameco Corporation
CVE.TO,Cenovus Energy Inc.
WSP.TO,WSP Global Inc.
WN.TO,George Weston Limited
POW.TO,Power Corporation of Canada
T.TO,TELUS Corporation
GIB.A.TO,CGI Inc.
FTS.TO,Fortis Inc.
QSP.UN.TO,Restaurant Brands International Limited Partnership
QSR.TO,Restaurant Brands International Inc.
PPL.TO,Pembina Pipeline Corporation
H.TO,Hydro One Limited
BCE.TO,BCE Inc.
RBA.TO,"RB Global, Inc."
TOU.TO,Tourmaline Oil Corp.
TECK.A.TO,Teck Resources Limited
TECK.B.TO,Teck Resources Limited
K.TO,Kinross Gold Corporation
GFL.TO,GFL Environmental Inc.
BEP.UN.TO,Brookfield Renewable Partners L.P.
MRU.TO,Metro Inc.
CLS.TO,Celestica Inc.
RCI.A.TO,Rogers Communications Inc.
RCI.B.TO,Rogers Communications Inc.
BIP.UN.TO,Brookfield Infrastructure Partners L.P.
BNT.TO,Brookfield Wealth Solutions Ltd.
EMA.TO,Emera Incorporated
ARX.TO,ARC Resources Ltd.
FM.TO,First Quantum Minerals Ltd.
LUG.TO,Lundin Gold Inc.
STN.TO,Stantec Inc.
ATRL.TO,AtkinsRéalis Group Inc.
X.TO,TMX Group Limited
AGI.TO,Alamos Gold Inc.
BEPC.TO,Brookfield Renewable Corporation
OVV.TO,Ovintiv Inc.
PAAS.TO,Pan American Silver Corp.
MG.TO,Magna International Inc.
IVN.TO,Ivanhoe Mines Ltd.
CCL.A.TO,CCL Industries Inc.
CCL.B.TO,CCL Industries Inc.
IAG.TO,iA Financial Corporation Inc.
EFN.TO,Element Fleet Management Corp.
EMP.A.TO,Empire Company Limited
DAY.TO,Dayforce Inc.
WCP.TO,Whitecap Resources Inc.
LUN.TO,Lundin Mining Corporation
CAE.TO,CAE Inc.
DSG.TO,The Descartes Systems Group Inc.
ALA.TO,AltaGas Ltd.
SAP.TO,Saputo Inc.
FSV.TO,FirstService Corporation
BBD.A.TO,Bombardier Inc.
BBD.B.TO,Bombardier Inc.
CU.TO,Canadian Utilities Limited
TFII.TO,TFI International Inc.
IGM.TO,IGM Financial Inc.
CTC.A.TO,"Canadian Tire Corporation, Limited"
CTC.TO,"Canadian Tire Corporation, Limited"
EDV.TO,Endeavour Mining plc
KEY.TO,Keyera Corp.
OTEX.TO,Open Text Corporation
GIL.TO,Gildan Activewear Inc.
TIH.TO,Toromont Industries Ltd.
QBR.A.TO,Quebecor Inc.
QBR.B.TO,Quebecor Inc.
DFY.TO,Definity Financial Corporation
CIGI.TO,Colliers International Group Inc.
CPX.TO,Capital Power Corporation
WFG.TO,West Fraser Timber Co. Ltd.
ATZ.TO,Aritzia Inc.
SOBO.TO,South Bow Corporation
BBU.UN.TO,Brookfield Business Partners L.P.
ONEX.TO,Onex Corporation
FTT.TO,Finning International Inc.
CAR.UN.TO,Canadian Apartment Properties Real Estate Investment Trust
MEG.TO,MEG Energy Corp.
TFPM.TO,Triple Flag Precious Metals Corp.
PKI.TO,Parkland Corporation
SCR.TO,Strathcona Resources Ltd.
BTO.TO,B2Gold Corp.
OR.TO,OR Royalties Inc.
BIPC.TO,Brookfield Infrastructure Corporation
AQN.TO,Algonquin Power & Utilities Corp.
AC.TO,Air Canada
ELD.TO,Eldorado Gold Corporation
ACO.X.TO,ATCO Ltd.
ACO.Y.TO,ATCO Ltd.
PSK.TO,PrairieSky Royalty Ltd.
IMG.TO,IAMGOLD Corporation
NPI.TO,Northland Power Inc.
KXS.TO,Kinaxis Inc.
CS.TO,Capstone Copper Corp.
BLCO.TO,Bausch + Lomb Corporation
AG.TO,First Majestic Silver Corp.
ELF.TO,E-L Financial Corporation Limited
NXE.TO,NexGen Energy Ltd.
NGD.TO,New Gold Inc.
HBM.TO,Hudbay Minerals Inc.
REI.UN.TO,RioCan Real Estate Investment Trust
CSH.UN.TO,Chartwell Retirement Residences
OLA.TO,Orla Mining Ltd.
CGG.TO,China Gold International Resources Corp. Ltd.
CHP.UN.TO,Choice Properties Real Estate Investment Trust
DOO.TO,BRP Inc.
OGC.TO,OceanaGold Corporation
CIX.TO,CI Financial Corp.
TA.TO,TransAlta Corporation
BYD.TO,Boyd Group Services Inc.
GLXY.TO,Galaxy Digital Inc.
PRU.TO,Perseus Mining Limited
GRT.UN.TO,Granite Real Estate Investment Trust
SJ.TO,Stella-Jones Inc.
ATS.TO,ATS Corporation
PEY.TO,Peyto Exploration & Development Corp.
TPZ.TO,Topaz Energy Corp.
GMIN.TO,G Mining Ventures Corp.
GEI.TO,Gibson Energy Inc.
TXG.TO,Torex Gold Resources Inc.
EQX.TO,Equinox Gold Corp.
KNT.TO,K92 Mining Inc.
LNR.TO,Linamar Corporation
MDA.TO,MDA Space Ltd.
FCR.UN.TO,First Capital Real Estate Investment Trust
TVK.TO,TerraVest Industries Inc.
SRU.UN.TO,SmartCentres Real Estate Investment Trust
SSL.TO,Sandstorm Gold Ltd.
SSRM.TO,SSR Mining Inc.
EQB.TO,EQB Inc.
PBH.TO,Premium Brands Holdings Corporation
BB.TO,BlackBerry Limited
DPM.TO,Dundee Precious Metals Inc.
MFI.TO,Maple Leaf Foods Inc.
MX.TO,Methanex Corporation
BEI.UN.TO,Boardwalk Real Estate Investment Trust
BLX.TO,Boralex Inc.
SES.TO,SECURE Waste Infrastructure Corp.
FIH.U.TO,Fairfax India Holdings Corporation
POU.TO,Paramount Resources Ltd.
WDO.TO,Wesdome Gold Mines Ltd.
NGEX.TO,NGEx Minerals Ltd.
BHC.TO,Bausch Health Companies Inc.
NVA.TO,NuVista Energy Ltd.
ATH.TO,Athabasca Oil Corporation
MAG.TO,MAG Silver Corp.
EIF.TO,Exchange Income Corporation
CCA.TO,Cogeco Communications Inc.
FVI.TO,Fortuna Mining Corp.
HR.UN.TO,H&R Real Estate Investment Trust
INE.TO,Innergex Renewable Energy Inc.
BBUC.TO,Brookfield Business Corporation
ORA.TO,Aura Minerals Inc.
CRR.UN.TO,Crombie Real Estate Investment Trust
WPK.TO,Winpak Ltd.
IPCO.TO,International Petroleum Corporation
DSV.TO,Discovery Silver Corp.
PDN.TO,Paladin Energy Ltd
GSY.TO,goeasy Ltd.
TVE.TO,Tamarack Valley Energy Ltd.
WGX.TO,Westgold Resources Limited
GRGD.TO,Groupe Dynamite Inc.
NG.TO,NovaGold Resources Inc.
HUT.TO,Hut 8 Corp.
FN.TO,First National Financial Corporation
TOY.TO,Spin Master Corp.
RUS.TO,Russel Metals Inc.
AP.UN.TO,Allied Properties Real Estate Investment Trust
SKE.TO,Skeena Resources Limited
NWC.TO,The North West Company Inc.
KMP.UN.TO,Killam Apartment REIT
SII.TO,Sprott Inc.
AIF.TO,Altus Group Limited
BTE.TO,Baytex Energy Corp.
DML.TO,Denison Mines Corp.
ERO.TO,Ero Copper Corp.
AAUC.TO,Allied Gold Corporation
FRU.TO,Freehold Royalties Ltd.
PET.TO,Pet Valu Holdings Ltd.
AAV.TO,Advantage Energy Ltd.
BIR.TO,Birchcliff Energy Ltd.
LSPD.TO,Lightspeed Commerce Inc.
SEA.TO,Seabridge Gold Inc.
AND.TO,Andlauer Healthcare Group Inc.
CG.TO,Centerra Gold Inc.
TSU.TO,Trisura Group Ltd.
CIA.TO,Champion Iron Limited
PPTA.TO,Perpetua Resources Corp.
EDR.TO,Endeavour Silver Corp.
NFI.TO,NFI Group Inc.
RCH.TO,Richelieu Hardware Ltd.
AYA.TO,Aya Gold & Silver Inc.
IIP.UN.TO,InterRent Real Estate Investment Trust
SPB.TO,Superior Plus Corp.
LNF.TO,Leon's Furniture Limited
LIF.TO,Labrador Iron Ore Royalty Corporation
MEQ.TO,Mainstreet Equity Corp.
EFR.TO,Energy Fuels Inc.
VET.TO,Vermilion Energy Inc.
TCL.A.TO,Transcontinental Inc.
TCL.B.TO,Transcontinental Inc.
FOM.TO,Foran Mining Corporation
HWX.TO,Headwater Exploration Inc.
SIA.TO,Sienna Senior Living Inc.
WTE.TO,Westshore Terminals Investment Corporation
CFP.TO,Canfor Corporation
ARIS.TO,Aris Mining Corporation
MAU.TO,Montage Gold Corp.
DNTL.TO,dentalcorp Holdings Ltd.
CJT.TO,Cargojet Inc.
IE.TO,Ivanhoe Electric Inc.
BDGI.TO,Badger Infrastructure Solutions Ltd.
KEL.TO,Kelt Exploration Ltd.
PMZ.UN.TO,Primaris Real Estate Investment Trust
LAS.A.TO,Lassonde Industries Inc.
BDT.TO,Bird Construction Inc.
JWEL.TO,Jamieson Wellness Inc.
CEU.TO,CES Energy Solutions Corp.
VZLA.TO,Vizsla Silver Corp.
PXT.TO,Parex Resources Inc.
GOOS.TO,Canada Goose Holdings Inc.
SVI.TO,StorageVault Canada Inc.
TIXT.TO,TELUS International (Cda) Inc.
HPS.A.TO,Hammond Power Solutions Inc.
EFX.TO,Enerflex Ltd.
PRL.TO,Propel Holdings Inc.
SIS.TO,Savaria Corporation
LB.TO,Laurentian Bank of Canada
SVM.TO,Silvercorp Metals Inc.
ARE.TO,Aecon Group Inc.
CHE.UN.TO,Chemtrade Logistics Income Fund
ENGH.TO,Enghouse Systems Limited
TKO.TO,Taseko Mines Limited
NWH.UN.TO,NorthWest Healthcare Properties Real Estate Investment Trust
ALS.TO,Altius Minerals Corporation
RUP.TO,Rupert Resources Ltd.
MTL.TO,Mullen Group Ltd.
MRC.TO,Morguard Corporation
MER.TO,Meren Energy Inc.
EXE.TO,Extendicare Inc.
SFC.TO,Sagicor Financial Company Ltd.
CJ.TO,Cardinal Energy Ltd.
CNL.TO,Collective Mining Ltd.
DCBO.TO,Docebo Inc.
MAL.TO,Magellan Aerospace Corporation
NDM.TO,Northern Dynasty Minerals Ltd.
SLS.TO,Solaris Resources Inc.
CVG.TO,Clairvest Group Inc.
CRON.TO,Cronos Group Inc.
PSI.TO,Pason Systems Inc.
WELL.TO,WELL Health Technologies Corp.
GCG.TO,Guardian Capital Group Limited
GCG.A.TO,Guardian Capital Group Limited
ASTL.TO,Algoma Steel Group Inc.
SOY.TO,SunOpta Inc.
PD.TO,Precision Drilling Corporation
MTY.TO,MTY Food Group Inc.
ET.TO,Evertz Technologies Limited
CF.TO,Canaccord Genuity Group Inc.
CAS.TO,Cascades Inc.
AII.TO,Almonty Industries Inc.
AW.TO,A & W Food Services of Canada Inc.
CURA.TO,"Curaleaf Holdings, Inc."
VLE.TO,Valeura Energy Inc.
SGR.U.TO,Slate Grocery REIT
SGR.UN.TO,Slate Grocery REIT
KEC.TO,Kiwetinohk Energy Corp.
DRM.TO,Dream Unlimited Corp.
TCW.TO,Trican Well Service Ltd.
GGD.TO,GoGold Resources Inc.
IAU.TO,i-80 Gold Corp.
DTOL.TO,D2L Inc.
CUP.U.TO,"Caribbean Utilities Company, Ltd."
SDE.TO,Spartan Delta Corp.
LAC.TO,Lithium Americas Corp.
AGF.B.TO,AGF Management Limited
SEC.TO,Senvest Capital Inc.
AFN.TO,Ag Growth International Inc.
VNP.TO,5N Plus Inc.
MKP.TO,MCAN Mortgage Corporation
MDI.TO,Major Drilling Group International Inc.
ECN.TO,ECN Capital Corp.
DBM.TO,Doman Building Materials Group Ltd.
GDI.TO,GDI Integrated Facility Services Inc.
III.TO,Imperial Metals Corporation
AX.UN.TO,Artis Real Estate Investment Trust
GTWO.TO,G2 Goldfields Inc.
CGX.TO,Cineplex Inc.
RSI.TO,Rogers Sugar Inc.
MSA.TO,Mineros S.A.
DLCG.TO,Dominion Lending Centres Inc.
USA.TO,Americas Gold and Silver Corporation
MATR.TO,Mattr Corp.
ABRA.TO,AbraSilver Resource Corp.
NOA.TO,North American Construction Group Ltd.
ASM.TO,Avino Silver & Gold Mines Ltd.
MUX.TO,McEwen Mining Inc.
CVO.TO,Coveo Solutions Inc.
TPX.A.TO,Molson Coors Canada Inc.
TPX.B.TO,Molson Coors Canada Inc.
RAY.A.TO,Stingray Group Inc.
RAY.B.TO,Stingray Group Inc.
SGY.TO,Surge Energy Inc.
ADEN.TO,ADENTRA Inc.
MRG.UN.TO,Morguard North American Residential Real Estate Investment Trust
IFP.TO,Interfor Corporation
ORE.TO,Orezone Gold Corporation
ALC.TO,Algoma Central Corporation
FSZ.TO,Fiera Capital Corporation
BLDP.TO,Ballard Power Systems Inc.
DND.TO,Dye & Durham Limited
TAL.TO,PetroTal Corp.
TF.TO,Timbercreek Financial Corp.
BLN.TO,Blackline Safety Corp.
VHI.TO,Vitalhub Corp.
CGO.TO,Cogeco Inc.
TCS.TO,Tecsys Inc.
MARI.TO,Marimaca Copper Corp.
BITF.TO,Bitfarms Ltd.
PBL.TO,Pollard Banknote Limited
CMG.TO,Computer Modelling Group Ltd.
HOM.U.TO,BSR Real Estate Investment Trust
HOM.UN.TO,BSR Real Estate Investment Trust
ISC.TO,Information Services Corporation
MRE.TO,Martinrea International Inc.
BDI.TO,Black Diamond Group Limited
FVL.TO,Freegold Ventures Limited
GUD.TO,Knight Therapeutics Inc.
OBE.TO,Obsidian Energy Ltd.
KSI.TO,"kneat.com, inc."
URE.TO,Ur-Energy Inc.
MI.UN.TO,Minto Apartment Real Estate Investment Trust
CHR.TO,Chorus Aviation Inc.
FEC.TO,Frontera Energy Corporation
DXT.TO,Dexterra Group Inc.
APR.UN.TO,Automotive Properties Real Estate Investment Trust
CGY.TO,Calian Group Ltd.
AI.TO,Atrium Mortgage Investment Corporation
DIV.TO,Diversified Royalty Corp.
HLF.TO,High Liner Foods Incorporated
TNZ.TO,Tenaz Energy Corp.
TBL.TO,Taiga Building Products Ltd.
NXR.UN.TO,Nexus Industrial REIT
TWC.TO,TWC Enterprises Limited
TLRY.TO,"Tilray Brands, Inc."
FFM.TO,FireFly Metals Ltd
NEO.TO,Neo Performance Materials Inc.
ACQ.TO,AutoCanada Inc.
PZA.TO,Pizza Pizza Royalty Corp.
VBNK.TO,VersaBank
WJX.TO,Wajax Corporation
GAU.TO,Galiano Gold Inc.
PRB.TO,Probe Gold Inc.
WFC.TO,Wall Financial Corporation
GFR.TO,Greenfire Resources Ltd.
MND.TO,Mandalay Resources Corporation
ISO.TO,IsoEnergy Ltd.
MHC.U.TO,Flagship Communities Real Estate Investment Trust
URC.TO,Uranium Royalty Corp.
FC.TO,Firm Capital Mortgage Investment Corporation
ESI.TO,Ensign Energy Services Inc.
BK.TO,Canadian Banc Corp.
LAR.TO,Lithium Argentina AG
KBL.TO,K-Bro Linen Inc.
WILD.TO,WildBrain Ltd.
GBT.TO,BMTC Group Inc.
KITS.TO,Kits Eyecare Ltd.
PLZ.UN.TO,Plaza Retail REIT
TOT.TO,Total Energy Services Inc.
SOIL.TO,Saturn Oil & Gas Inc.
BPF.UN.TO,Boston Pizza Royalties Income Fund
MRD.TO,Melcor Developments Ltd.
ETG.TO,Entrée Resources Ltd.
REAL.TO,Real Matters Inc.
APM.TO,Andean Precious Metals Corp.
TSAT.TO,Telesat Corporation
PHX.TO,PHX Energy Services Corp.
GRA.TO,NanoXplore Inc.
CSW.A.TO,Corby Spirit and Wine Limited
CSW.B.TO,Corby Spirit and Wine Limited
MRT.UN.TO,Morguard Real Estate Investment Trust
WRN.TO,Western Copper and Gold Corporation
NOU.TO,Nouveau Monde Graphite Inc.
RPI.UN.TO,Richards Packaging Income Fund
KEI.TO,Kolibri Global Energy Inc.
MHC.UN.TO,Flagship Communities Real Estate Investment Trust
ACB.TO,Aurora Cannabis Inc.
AIDX.TO,Healwell AI Inc.
WEED.TO,Canopy Growth Corporation
QRC.TO,Queen's Road Capital Investment Ltd.
HFPC.U.TO,Helios Fairfax Partners Corporation
NUAG.TO,New Pacific Metals Corp.
PRV.UN.TO,Pro Real Estate Investment Trust
ERD.TO,Erdene Resource Development Corporation
PMET.TO,Patriot Battery Metals Inc.
CPH.TO,Cipher Pharmaceuticals Inc.
BTB.UN.TO,BTB Real Estate Investment Trust
ADN.TO,Acadian Timber Corp.
MPC.TO,Madison Pacific Properties Inc.
MPC.C.TO,Madison Pacific Properties Inc.
STGO.TO,Steppe Gold Ltd.
ASCU.TO,Arizona Sonoran Copper Company Inc.
MNO.TO,Meridian Mining UK Societas
PRYM.TO,Prime Mining Corp.
VLN.TO,Velan Inc.
ARG.TO,Amerigo Resources Ltd.
TC.TO,Tucows Inc.
TMQ.TO,Trilogy Metals Inc.
ECOR.TO,Ecora Resources PLC
DR.TO,Medical Facilities Corporation
CKI.TO,Clarke Inc.
FRX.TO,Fennec Pharmaceuticals Inc.
FTG.TO,Firan Technology Group Corporation
OLY.TO,Olympia Financial Group Inc.
STEP.TO,STEP Energy Services Ltd.
SPAC.U.TO,Mercer Park Opportunities Corp.
LIRC.TO,Lithium Royalty Corp.
GTE.TO,Gran Tierra Energy Inc.
CFW.TO,Calfrac Well Services Ltd.
JAG.TO,Jaguar Mining Inc.
MXG.TO,Maxim Power Corp.
HSLV.TO,Highlander Silver Corp.
IPO.TO,InPlay Oil Corp.
PRN.TO,Profound Medical Corp.
TLG.TO,Troilus Gold Corp.
AIM.TO,Aimia Inc.
XTC.TO,Exco Technologies Limited
D.UN.TO,Dream Office Real Estate Investment Trust
STC.TO,Sangoma Technologies Corporation
ITH.TO,International Tower Hill Mines Ltd.
ALYA.TO,Alithya Group Inc.
GH.TO,Gamehost Inc.
PIF.TO,Polaris Renewable Energy Inc.
SMT.TO,Sierra Metals Inc.
TLO.TO,Talon Metals Corp.
PNE.TO,Pine Cliff Energy Ltd.
VOXR.TO,Vox Royalty Corp.
SBI.TO,Serabi Gold plc
DC.A.TO,Dundee Corporation
EDT.TO,Spectral Medical Inc.
ANRG.TO,Anaergia Inc.
OGI.TO,Organigram Global Inc.
VCM.TO,Vecima Networks Inc.
ARA.TO,Aclara Resources Inc.
ECO.TO,EcoSynthetix Inc.
WNDR.TO,WonderFi Technologies Inc.
ERE.UN.TO,European Residential Real Estate Investment Trust
ADW.A.TO,Andrew Peller Limited
ADW.B.TO,Andrew Peller Limited
DRX.TO,ADF Group Inc.
FCD.UN.TO,Firm Capital Property Trust
PTM.TO,Platinum Group Metals Ltd.
FF.TO,First Mining Gold Corp.
GLO.TO,Global Atomic Corporation
KEG.UN.TO,The Keg Royalties Income Fund
EPRX.TO,Eupraxia Pharmaceuticals Inc.
SYZ.TO,Sylogist Ltd.
DRR.U.TO,Dream Residential Real Estate Investment Trust
DRR.UN.TO,Dream Residential Real Estate Investment Trust
GOLD.TO,GoldMining Inc.
RBY.TO,Rubellite Energy Corp.
FAR.TO,Foraco International SA
CRP.TO,Ceres Global Ag Corp.
CRRX.TO,CareRx Corporation
DNG.TO,Dynacor Group Inc.
ELVA.TO,Electrovaya Inc.
LAM.TO,Laramide Resources Ltd.
SHLE.TO,Source Energy Services Ltd.
GDC.TO,Genesis Land Development Corp.
PRQ.TO,Petrus Resources Ltd.
ACX.TO,ACT Energy Technologies Ltd.
AMC.TO,Arizona Metals Corp.
VGZ.TO,Vista Gold Corp.
PNP.TO,Pinetree Capital Ltd.
GEO.TO,Geodrill Limited
FDY.TO,Faraday Copper Corp.
SAU.TO,St. Augustine Gold and Copper Limited
QTRH.TO,Quarterhill Inc.
XAM.TO,Xanadu Mines Limited
Y.TO,Yellow Pages Limited
HLS.TO,HLS Therapeutics Inc.
TH.TO,Theratechnologies Inc.
PSD.TO,Pulse Seismic Inc.
FSY.TO,Forsys Metals Corp.
JOY.TO,Journey Energy Inc.
DRT.TO,DIRTT Environmental Solutions Ltd.
LGD.TO,Liberty Gold Corp.
CRDL.TO,Cardiol Therapeutics Inc.
BRAG.TO,Bragg Gaming Group Inc.
BNE.TO,Bonterra Energy Corp.
BRE.TO,Bridgemarq Real Estate Services Inc.
PNC.A.TO,Postmedia Network Canada Corp.
PNC.B.TO,Postmedia Network Canada Corp.
E.TO,"Enterprise Group, Inc."
GRID.TO,Tantalus Systems Holding Inc.
STCK.TO,Stack Capital Group Inc.
IVQ.TO,Invesque Inc.
IVQ.U.TO,Invesque Inc.
THNC.TO,Thinkific Labs Inc.
TRX.TO,TRX Gold Corporation
TNT.UN.TO,True North Commercial Real Estate Investment Trust
RCG.TO,RF Capital Group Inc.
HAI.TO,Haivision Systems Inc.
CDR.TO,Condor Energies Inc.
ROOT.TO,Roots Corporation
BOS.TO,AirBoss of America Corp.
AOT.TO,Ascot Resources Ltd.
IMP.TO,Intermap Technologies Corporation
WEF.TO,Western Forest Products Inc.
CXI.TO,"Currency Exchange International, Corp."
TXP.TO,Touchstone Exploration Inc.
XAU.TO,Goldmoney Inc.
SRV.UN.TO,SIR Royalty Income Fund
MCB.TO,McCoy Global Inc.
XLY.TO,Auxly Cannabis Group Inc.
FURY.TO,Fury Gold Mines Limited
QEC.TO,Questerre Energy Corporation
QIPT.TO,Quipt Home Medical Corp.
CVVY.TO,Cavvy Energy Ltd.
LGO.TO,Largo Inc.
ELO.TO,Eloro Resources Ltd.
LUC.TO,Lucara Diamond Corp.
MGA.TO,Mega Uranium Ltd.
HMM.A.TO,Hammond Manufacturing Company Limited
TSND.TO,TerrAscend Corp.
YGR.TO,Yangarra Resources Ltd.
DCM.TO,DATA Communications Management Corp.
GDL.TO,Goodfellow Inc.
MDP.TO,Medexus Pharmaceuticals Inc.
ILLM.TO,illumin Holdings Inc.
TRZ.TO,Transat A.T. Inc.
STLR.TO,STLLR Gold Inc.
LCFS.TO,Tidewater Renewables Ltd.
MSCL.TO,Satellos Bioscience Inc.
SXP.TO,Supremex Inc.
XTG.TO,Xtra-Gold Resources Corp.
TWM.TO,Tidewater Midstream and Infrastructure Ltd.
CNE.TO,Canacol Energy Ltd
AKT.A.TO,AKITA Drilling Ltd.
BSX.TO,Belo Sun Mining Corp
KPT.TO,KP Tissue Inc.
G.TO,Augusta Gold Corp.
PYR.TO,PyroGenesis Inc.
LN.TO,Loncor Gold Inc.
ONC.TO,Oncolytics Biotech Inc.
GFP.TO,GreenFirst Forest Products Inc.
TI.TO,Titan Mining Corporation
FORA.TO,VerticalScope Holdings Inc.
GENM.TO,Generation Mining Limited
GCL.TO,Colabor Group Inc.
GCU.TO,Gunnison Copper Corp.
XTRA.TO,Xtract One Technologies Inc.
TSK.TO,Talisker Resources Ltd.
S.TO,Sherritt International Corporation
ORV.TO,Orvana Minerals Corp.
IS.TO,Infrastructure Dividend Split Corp.
MDNA.TO,Medicenna Therapeutics Corp.
GMX.TO,Globex Mining Enterprises Inc.
SLT.U.TO,Saltire Capital Ltd.
WPRT.TO,Westport Fuel Systems Inc.
CCM.TO,Canagold Resources Ltd.
WM.TO,Wallbridge Mining Company Limited
BCHT.TO,Birchtech Corp.
SLR.TO,Solitario Resources Corp.
WRG.TO,Western Energy Services Corp.
TTNM.TO,Titanium Transportation Group Inc.
RTG.TO,RTG Mining Inc.
NANO.TO,Nano One Materials Corp.
HBP.TO,Helix BioPharma Corp.
DYA.TO,dynaCERT Inc.
TSL.TO,Tree Island Steel Ltd.
NCF.TO,Northcliff Resources Ltd.
OGD.TO,Orbit Garant Drilling Inc.
GURU.TO,GURU Organic Energy Corp.
ELR.TO,Eastern Platinum Limited
DBO.TO,D-BOX Technologies Inc.
SVA.TO,Sernova Biotherapeutics Inc
ATCU.TO,Alta Copper Corp.
BRMI.TO,Boat Rocker Media Inc.
SFD.TO,NXT Energy Solutions Inc.
ESM.TO,Euro Sun Mining Inc.
ICE.TO,Canlan Ice Sports Corp.
CFX.TO,Canfor Pulp Products Inc.
EAGR.TO,East Side Games Group Inc.
CEMX.TO,CEMATRIX Corporation
DII.A.TO,Dorel Industries Inc.
DII.B.TO,Dorel Industries Inc.
MBX.TO,Microbix Biosystems Inc.
NEXT.TO,NextSource Materials Inc.
PPR.TO,Prairie Provident Resources Inc.
NPS.TO,Canadian Large Cap Leaders Split Corp.
MOGO.TO,Mogo Inc.
EXRO.TO,Exro Technologies Inc.
BU.TO,Burcon NutraScience Corporation
BYL.TO,Baylin Technologies Inc.
NVO.TO,Novo Resources Corp.
FT.TO,Fortune Minerals Limited
HOT.UN.TO,American Hotel Income Properties REIT LP
TVA.B.TO,TVA Group Inc.
COPR.TO,Coppernico Metals Inc.
AEG.TO,Aegis Brands Inc.
NPK.TO,Verde AgriTech Limited
INO.UN.TO,Inovalis Real Estate Investment Trust
DIAM.TO,Star Diamond Corporation
LABS.TO,MediPharm Labs Corp.
SWP.TO,Swiss Water Decaffeinated Coffee Inc.
WCM.A.TO,Wilmington Capital Management Inc.
BKI.TO,Black Iron Inc.
AMM.TO,Almaden Minerals Ltd.
IFA.TO,iFabric Corp.
RPR.UN.TO,Ravelin Properties REIT
ACD.TO,Accord Financial Corp.
AVCN.TO,Avicanna Inc.
BR.TO,Big Rock Brewery Inc.
BCT.TO,BriaCell Therapeutics Corp.
UNI.TO,Unisync Corp.
SFI.TO,Solution Financial Inc.
BEK.B.TO,The Becker Milk Company Limited
CWL.TO,The Caldwell Partners International Inc.
TGO.TO,TeraGo Inc.
SAM.TO,Starcore International Mines Ltd.
GRC.TO,Gold Springs Resource Corp.
YRB.TO,Yorbeau Resources Inc.
CJR.B.TO,Corus Entertainment Inc.
CWEB.TO,"Charlotte's Web Holdings, Inc."
GEC.TO,Global Education Communities Corp.
LSPK.TO,LifeSpeak Inc.
GVC.TO,Glacier Media Inc.
AVL.TO,Avalon Advanced Materials Inc.
WRX.TO,Western Resources Corp.
NUMI.TO,Numinus Wellness Inc.
ADCO.TO,Adcore Inc.
CSCI.TO,COSCIENS Biopharma Inc.
GRN.TO,Greenlane Renewables Inc.
FOOD.TO,Goodfood Market Corp.
MSV.TO,Minco Silver Corporation
CFF.TO,Conifex Timber Inc.
OPT.TO,Optiva Inc.
MPVD.TO,Mountain Province Diamonds Inc.
SXI.TO,Synex Renewable Energy Corporation
SVB.TO,"Silver Bull Resources, Inc."
RVX.TO,Resverlogix Corp.
HWO.TO,High Arctic Energy Services Inc
ELEF.TO,Silver Elephant Mining Corp.
VQS.TO,VIQ Solutions Inc.
VRTS.TO,Vertiqal Studios Corp.
CTX.TO,Crescita Therapeutics Inc.
KLS.TO,Kelso Technologies Inc.
EGLX.TO,Enthusiast Gaming Holdings Inc.
AVNT.TO,Avant Brands Inc.
GMTN.TO,Gold Mountain Mining Corp.
BNG.TO,Bengal Energy Ltd.
FLOW.TO,Flow Beverage Corp.
KRN.TO,Karnalyte Resources Inc.
BABY.TO,Else Nutrition Holdings Inc.
CNT.TO,Century Global Commodities Corporation
AAB.TO,Aberdeen International Inc.
BRY.TO,Bri-Chem Corp.
CRWN.TO,Crown Capital Partners Inc.
WLLW.TO,Willow Biosciences Inc.
AUMN.TO,Golden Minerals Company
APS.TO,Aptose Biosciences Inc.
FLNT.TO,Flint Corp.
MKZ.UN.TO,Mackenzie Master Limited Partnership
SMC.TO,Sulliden Mining Capital Inc.
APLI.TO,Appili Therapeutics Inc.
IOM.TO,Assure Holdings Corp.
